author_id,full_name,affiliation
1,Saurabh Kumar,"Stanford University, USA"
2,Alessandro Giuseppi,"Sapienza University of Rome, Department of Computer, Control and Management Engineering, Rome, Italy"
3,Xulu Zhang,"The Hong Kong Polytechnic University, Hong Kong"
4,Yang Cao,"Deakin University, Burwood, Australia"
5,Qi Chen,China National Center for Biotechnology Development
6,Yaran Chen,"University of Chinese Academy of Sciences, Beijing"
7,Jiacong Hu,"South China University of Technology, College of Automation Science and Engineering, China"
8,Aihua Zheng,"Anhui University, School of Artificial Intelligence, China"
9,Nuojia Xu,"University of Chinese Academy of Sciences, Beijing"
10,Alessandro Giuseppi,"Sapienza University of Rome, Department of Computer, Control and Management Engineering, Rome, Italy"
11,Xinyue Gao,"Anhui University, Hefei, China"
12,He Guan,"School of Artificial Intelligence, University of Chinese Academy of Sciences (UCAS), Beijing, China"
13,Yong Qiao Zhou,"Linyi University, China"
14,Hui Li,"Jinling Institute of Technology, China"
15,Xiao Huang,"College of Computer and Information Science, Southwest University, Chongqing, China"
16,Chu Li,"University of Science and Technology of China, Hefei, China"
17,Baoquan Ning,"Liupanshui Normal University, 553004, Liupanshui, P.R. China"
18,Lukasz Pawlik,"Kielce University of Technology, Kielce, Poland"
19,Zuqiang Long,"Hengyang Normal University, Hengyang, China"
20,Varghese Babu N,"School of Computer Science and Technology, Karunya Institute of Technology and Sciences, Coimbatore, India"
21,Chenxi Min,"Beijing University of Posts and Telecommunications, Beijing, China"
22,Xihui Wu,"Jiangnan University, Wuxi, Jiangsu, China"
23,Huang Huang,"Wenzhou University of Technology, Wenzhou, Zhejiang, 325000, China"
24,Liu-Yue Luo,"South China University of Technology, Guangzhou, 510006, China"
25,Wenjia Liu,"Shanghai Customs University, Shanghai, 201204, China"
26,Jinning Yang,"University of Chinese Academy of Sciences, Beijing, 101408, China"
27,Yifan Zou,"Harbin Engineering University, Harbin, 150001, Heilongjiang, China"
28,Yupei Guo,"Tokyo University of Science, Katsushika, Tokyo, Japan"
29,Yujun Cai,"Communication University of China, Chaoyang, Beijing, 100024, China"
30,Huijie Miao,"Academy of Military Science, Beijing, China"
31,Wenyu Zhang,"Xi’an Shiyou University, No.18, East Section of Electronic Second Road, Xi’an, 710054, Shanxi, China"
32,Hao Zhang,"Shanghai University, Shanghai, China "
33,Ting Wang,"Southern University of Science and Technology, Shenzhen, P.R. China"
34,Qiang Wen,"The Hong Kong University of Science and Technology, Hong Kong, China"
35,Mengya Han,"Wuhan University, Wuhan, 430072, China"
36,Xiangtian Ma,"Beijing Institute of Technology, Beijing, 100081, China"
37,Yuanfei Huang,"Beijing Normal University, Beijing, 100875, China"
38,Lei Wang,"Griffith University, Brisbane, Australia"
39,Sara Sarto,"University of Modena and Reggio Emilia, Modena, Italy"
40,Sara A. Al-Emadi,"Qatar Computing Research Institute, Hamad Bin Khalifa University, Doha, Qatar"
41,Anqi Xiao,"University of Chinese Academy of Sciences, Beijing, China "
42,Hongjie Zhang,"Shanghai AI Laboratory, Shanghai, China"
43,Mubashir A. Reshi,"National Institute of Technology, Srinagar, 190006, India"
44,Phan Duc Hung,"Hanoi University of Science and Technology, Hanoi, Vietnam "
45,Morteza Alinia Ahandani,"Islamic Azad University, Langarud, Iran Contact via emailMorteza Alinia Ahandani "
46,Ouafae El Melhaoui,"Mohamed First University, 60000, Oujda, Morocco"
47,Zhaoquan Huang,"Zhejiang Normal University, Jinhua, 321004, Zhejiang, China"
48,Tannu Kumar Soni,"Guru Ghasidas Vishwavidyalaya, Bilaspur, Chhattisgarh, India"
49,Haifeng Yue,"State Key Laboratory of Intelligent Mining Equipment Technology, Taiyuan, Taiyuan, 030000, China "
50,P. Surya Bharathi,"Vellore Institute of Technology, Chennai, Chennai, Tamil Nadu, 600127, India"
51,Joy Bandopadhyay,"Kalyani Government Engineering College, West Bengal, Kalyani, India"
52,Samia Sammoud,"Manouba University, Manouba, Tunisia "
53,Bastian Pfeifer,"Medical University of Graz, Graz, Austria"
54,Luis Fernando Celis,"Universidad Industrial de Santander (UIS), Bucaramanga, 680002, Colombia"
55,Emmanuel Ramasso,"Université Marie et Louis Pasteur, SUPMICROTECH, CNRS, Institut FEMTO-ST (UMR 6174), 25000, Besançon, France "
56,Shiqi Jiang,"Hengyang Normal University, Hengyang, 421002, Hunan, China"
57,Maryam Bukhari,"COMSATS University Islamabad, Attock Campus, Attock, Pakistan"
58,Ahmet Agaoglu,"Yeditepe University, Inonu Mah., Atasehir, 34755, Istanbul, Turkey"
59,Suvajit Patra,"RKMVERI, Belur, West Bengal, 711202, India"
60,Ruxin Gao,"Henan Polytechnic University, Jiaozuo, 454000, Henan, China"
61,Yoelvis Moreno-Alcayde,"Universitat Jaume I, Castellón de la Plana, Spain"
62,Wei Xu,"Hohai University, Nanjing, 211100, Jiangsu, China"
63,Hao Ma,"Shenzhen University, Shenzhen, 518060, China"
64,Zhenni Wang,"City University of Hong Kong, Kowloon, Hong Kong SAR, China"
65,Shanghuan Liu,"Southeast University, Nanjing, 210096, China"
66,Zezheng Feng,"The Hong Kong University of Science and Technology, Hong Kong, China"
67,Xiaokun Wang,"Shunde Innovation School University of Science and Technology Beijing, Beijing, 100083, China"
68,Yuanyan Ye,"Xiamen University, Xiamen, 361005, China"
69,Jun-Xiong Cai,"Tsinghua University, Beijing, 100084, China"
70,Yuzhi Liang,"Zhejiang University, Hangzhou, 310058, China"
71,Giovanni Pintore,"CRS4, Cagliari, 09134, Italy "
72,Peter Michael,"Cornell University, Ithaca, United States"
73,Congyi Zhang,"The University of British Columbia, Vancouver, Canada"
74,Bruno Levy,"Université Paris-Saclay, Orsay, France"
75,Yuanpeng Liu,"RMIT University, Melbourne, Australia "
76,Trevor Hedstrom,"University of California San Diego, San Diego, United States "
77,Hao Jiang,"Sun Yat-Sen University, Guangzhou, China "
78,Federico Sichetti,"University of Genoa, Genova, Italy "
79,Xiang Dai,"UC San Diego, La Jolla, United States"
80,Yueji Ma,"Tsinghua University, Beijing, China"
81,Hadi Alzayer,"University of Maryland, College Park, United States"
82,Hongjian Li ,"Chongqing University of Posts and Telecommunications, Chongqing, 400065, China"
83,Wei Huang,"Liuzhou Railway Vocational and Technical College, Liuzhou, 545616, Guangxi, China"
84,Luca Leonardi,"University of Catania, Catania, Italy"
85,Guiliang Chen,"Fuzhou University, Fuzhou, 350108, China"
86,David Martínez,"University of Girona, Maria Aurèlia Capmany 61 (Edifici P4), 17003, Girona, Spain"
87,Hao Lu,"Northeastern University, Shenyang 110169, China"
88,Sam Prince Franklin S.,"Vellore Institute of Technology Chennai, Tamil Nadu, India"
89,M. Freire,"Institute of Computing, Federal University of Bahia (UFBA), Brazil"
90,Yingya Guo,"Fuzhou University, China"
91,Renpin Yao,"Guizhou University, China"
92,Bowen Li,"Wuhan University, Wuhan, China"
93,Xiaoming Liu,"Xi’an Jiaotong University, Xi’an, China "
94,Jianan Huang,"Nanjing University of Science and Technology, Nanjing, China"
95,Jinwen Liang,"Hong Kong Polytechnic University, Hung Hom, Hong Kong"
96,Xueluan Gong,"Nanyang Technological University, Singapore "
97,Zhili Zhou,"Guangzhou University, Guangzhou, China"
98,Raffaele Giannessi,"Evidence S.R.L., Pisa, Italy"
99,Ru Li,"Anhui University, Hefei, China"
100,Xiyue Zhang,"University of Bristol, Bristol, U.K."
101,Meng Tong,"University of Science and Technology of China, Hefei, China"
